Id,MSSubClass,MSZoning,LotFrontage,LotArea,Street,Alley,LotShape,LandContour,Utilities,LotConfig,LandSlope,Neighborhood,Condition1,Condition2,BldgType,HouseStyle,OverallQual,OverallCond,YearBuilt,YearRemodAdd,RoofStyle,RoofMatl,Exterior1st,Exterior2nd,MasVnrType,MasVnrArea,ExterQual,ExterCond,Foundation,BsmtQual,BsmtCond,BsmtExposure,BsmtFinType1,BsmtFinSF1,BsmtFinType2,BsmtFinSF2,BsmtUnfSF,TotalBsmtSF,Heating,HeatingQC,CentralAir,Electrical,1stFlrSF,2ndFlrSF,LowQualFinSF,GrLivArea,BsmtFullBath,BsmtHalfBath,FullBath,HalfBath,BedroomAbvGr,KitchenAbvGr,KitchenQual,TotRmsAbvGrd,Functional,Fireplaces,FireplaceQu,GarageType,GarageYrBlt,GarageFinish,GarageCars,GarageArea,GarageQual,GarageCond,PavedDrive,WoodDeckSF,OpenPorchSF,EnclosedPorch,3SsnPorch,ScreenPorch,PoolArea,PoolQC,Fence,MiscFeature,MiscVal,MoSold,YrSold,SaleType,SaleCondition,SalePrice
11,20,RL,70.0,11200,Pave,,Reg,Lvl,AllPub,Inside,Gtl,Sawyer,Norm,Norm,1Fam,1Story,5,5,1965,1965,Hip,CompShg,HdBoard,HdBoard,None,0.0,TA,TA,CBlock,TA,TA,No,Rec,906,Unf,0,134,1040,GasA,Ex,Y,SBrkr,1040,0,0,1040,1,0,1,0,3,1,TA,5,Typ,0,,Detchd,1965.0,Unf,1,384,TA,TA,Y,0,0,0,0,0,0,,,,0,2,2008,WD,Normal,129500
41,20,RL,84.0,8658,Pave,,Reg,Lvl,AllPub,Inside,Gtl,NAmes,Norm,Norm,1Fam,1Story,6,5,1965,1965,Gable,CompShg,Wd Sdng,Wd Sdng,BrkFace,101.0,TA,TA,CBlock,TA,TA,No,Rec,643,Unf,0,445,1088,GasA,Ex,Y,SBrkr,1324,0,0,1324,0,0,2,0,3,1,TA,6,Typ,1,TA,Attchd,1965.0,RFn,2,440,TA,TA,Y,0,138,0,0,0,0,,GdWo,,0,12,2006,WD,Abnorml,160000
151,20,RL,120.0,10356,Pave,,Reg,Lvl,AllPub,Corner,Gtl,CollgCr,Norm,Norm,1Fam,1Story,5,6,1975,1975,Gable,CompShg,HdBoard,HdBoard,None,0.0,TA,TA,CBlock,TA,TA,Av,BLQ,716,Unf,0,253,969,GasA,TA,Y,SBrkr,969,0,0,969,0,0,1,1,3,1,TA,5,Typ,0,,Attchd,1975.0,Unf,2,440,TA,TA,Y,0,0,0,0,0,0,,MnPrv,,0,1,2007,WD,Normal,122000
254,80,RL,85.0,9350,Pave,,Reg,Lvl,AllPub,Inside,Gtl,NAmes,Norm,Norm,1Fam,SLvl,6,7,1964,1991,Hip,CompShg,HdBoard,HdBoard,BrkFace,108.0,TA,TA,CBlock,Gd,TA,Gd,LwQ,270,ALQ,580,452,1302,GasA,Ex,Y,SBrkr,1302,0,0,1302,0,1,2,0,3,1,Gd,7,Min1,0,,Attchd,1964.0,RFn,1,309,TA,TA,Y,333,0,0,0,0,0,,MnPrv,,0,10,2007,CWD,Normal,158000
490,180,RM,21.0,1526,Pave,,Reg,Lvl,AllPub,Inside,Gtl,MeadowV,Norm,Norm,Twnhs,SFoyer,4,8,1970,2002,Gable,CompShg,CemntBd,CmentBd,None,0.0,TA,Gd,CBlock,Gd,TA,Av,GLQ,515,Unf,0,115,630,GasA,TA,Y,SBrkr,630,0,0,630,1,0,1,0,1,1,Gd,3,Typ,0,,Attchd,1970.0,Unf,1,286,TA,TA,Y,0,0,0,0,0,0,,,,0,5,2009,WD,Normal,86000
494,20,RL,70.0,7931,Pave,,Reg,Lvl,AllPub,Inside,Gtl,NAmes,Norm,Norm,1Fam,1Story,5,6,1960,1960,Gable,CompShg,BrkFace,Wd Sdng,None,0.0,TA,TA,CBlock,TA,TA,No,BLQ,374,LwQ,532,363,1269,GasA,TA,Y,FuseA,1269,0,0,1269,0,0,1,1,3,1,TA,6,Typ,1,Fa,Detchd,1964.0,Unf,1,308,TA,TA,Y,0,0,0,0,0,0,,,,0,6,2008,WD,Normal,155000
511,20,RL,75.0,14559,Pave,,Reg,Lvl,AllPub,Inside,Gtl,NAmes,Norm,Norm,1Fam,1Story,5,7,1951,2000,Hip,CompShg,Wd Sdng,Wd Sdng,BrkCmn,70.0,Gd,TA,CBlock,TA,TA,No,BLQ,650,Rec,180,178,1008,GasA,Ex,Y,SBrkr,1363,0,0,1363,1,0,1,0,2,1,TA,6,Min1,2,TA,CarPort,1951.0,Unf,1,288,TA,TA,Y,324,42,0,0,168,0,,,Shed,2000,6,2009,WD,Normal,164900
514,20,RL,71.0,9187,Pave,,Reg,Bnk,AllPub,Corner,Gtl,Mitchel,Norm,Norm,1Fam,1Story,6,5,1983,1983,Gable,CompShg,VinylSd,VinylSd,None,0.0,TA,Gd,PConc,TA,TA,No,ALQ,336,Unf,0,748,1084,GasA,TA,Y,SBrkr,1080,0,0,1080,0,0,1,1,3,1,TA,5,Typ,0,,Attchd,1983.0,Unf,2,484,TA,TA,Y,120,0,158,0,0,0,,,,0,6,2007,WD,Normal,134000
519,60,RL,,9531,Pave,,IR1,Lvl,AllPub,CulDSac,Gtl,CollgCr,Norm,Norm,1Fam,2Story,6,5,1998,1998,Gable,CompShg,VinylSd,VinylSd,None,0.0,TA,TA,PConc,Gd,TA,Mn,GLQ,706,Unf,0,88,794,GasA,Ex,Y,SBrkr,882,914,0,1796,1,0,2,1,3,1,TA,7,Typ,0,,Attchd,1998.0,RFn,2,546,TA,TA,Y,0,36,0,0,0,0,,MnPrv,,0,5,2007,WD,Normal,211000
533,20,RL,60.0,7200,Pave,,Reg,Lvl,AllPub,Inside,Gtl,NAmes,Norm,Norm,1Fam,1Story,5,7,1955,2007,Gable,CompShg,VinylSd,VinylSd,None,0.0,TA,TA,Slab,,,,,0,,0,0,0,GasA,Ex,Y,SBrkr,827,0,0,827,0,0,1,0,2,1,TA,5,Mod,1,Po,Detchd,1967.0,Unf,1,392,TA,TA,Y,0,0,0,0,0,0,,,,0,4,2010,WD,Normal,107500
538,20,RL,,12735,Pave,,IR1,Lvl,AllPub,FR2,Gtl,NAmes,Norm,Norm,1Fam,1Story,4,5,1972,1972,Hip,CompShg,MetalSd,MetalSd,None,0.0,TA,TA,CBlock,TA,TA,No,BLQ,600,Unf,0,264,864,GasA,TA,Y,SBrkr,864,0,0,864,0,0,1,0,3,1,TA,5,Typ,0,,Detchd,1980.0,Unf,2,576,TA,TA,Y,216,0,0,0,0,0,,MnWw,,0,4,2008,COD,Normal,111250
675,20,RL,80.0,9200,Pave,,Reg,Lvl,AllPub,Inside,Gtl,NAmes,Norm,Norm,1Fam,1Story,6,6,1965,1965,Gable,CompShg,HdBoard,HdBoard,None,0.0,TA,TA,CBlock,TA,TA,No,Rec,892,Unf,0,244,1136,GasA,TA,Y,SBrkr,1136,0,0,1136,1,0,1,0,3,1,TA,5,Typ,1,Gd,Attchd,1965.0,RFn,1,384,TA,TA,Y,426,0,0,0,0,0,,,,0,7,2008,WD,Normal,140000
744,80,RL,70.0,12886,Pave,,IR1,Lvl,AllPub,Inside,Gtl,Sawyer,Norm,Norm,1Fam,SLvl,5,6,1963,1999,Gable,CompShg,HdBoard,HdBoard,None,0.0,TA,TA,CBlock,Gd,TA,Av,ALQ,444,Unf,0,76,520,GasA,Ex,Y,SBrkr,1464,0,0,1464,0,1,2,0,3,1,TA,6,Min2,1,TA,Attchd,1997.0,RFn,2,480,TA,TA,Y,302,0,0,0,100,0,,,,0,10,2009,WD,Normal,175000
759,160,FV,24.0,2280,Pave,Pave,Reg,Lvl,AllPub,Inside,Gtl,Somerst,Norm,Norm,Twnhs,2Story,7,5,1999,1999,Gable,CompShg,MetalSd,MetalSd,BrkFace,360.0,TA,TA,PConc,Gd,TA,No,ALQ,549,Unf,0,195,744,GasA,Gd,Y,SBrkr,757,744,0,1501,0,0,2,1,3,1,TA,6,Typ,0,,Detchd,1999.0,Unf,2,440,TA,TA,Y,0,0,0,0,0,0,,,,0,8,2008,WD,Normal,179400
760,60,RL,65.0,12257,Pave,,IR1,Lvl,AllPub,Inside,Gtl,NoRidge,Norm,Norm,1Fam,2Story,8,5,1995,1995,Gable,CompShg,VinylSd,VinylSd,BrkFace,513.0,Gd,TA,PConc,Gd,TA,Av,LwQ,56,ALQ,64,1198,1318,GasA,Ex,Y,SBrkr,1328,1203,0,2531,0,0,2,1,4,1,Gd,9,Typ,1,TA,Attchd,1995.0,RFn,3,752,TA,TA,Y,222,98,0,0,0,0,,,,0,11,2007,WD,Normal,290000
873,20,RL,74.0,8892,Pave,,Reg,Lvl,AllPub,Corner,Gtl,NAmes,Norm,Norm,1Fam,1Story,5,7,1953,1996,Gable,CompShg,WdShing,Wd Shng,None,0.0,Gd,TA,Stone,TA,TA,Av,Unf,0,Unf,0,105,105,GasA,Gd,Y,SBrkr,910,0,0,910,0,0,1,0,3,1,Gd,5,Typ,0,,Attchd,1953.0,Unf,2,414,TA,TA,Y,196,0,150,0,0,0,,GdWo,,0,10,2008,WD,Normal,116000
901,20,RL,,7340,Pave,,IR1,Lvl,AllPub,Inside,Gtl,NAmes,Norm,Norm,1Fam,1Story,4,6,1971,1971,Gable,CompShg,HdBoard,HdBoard,None,0.0,TA,TA,CBlock,TA,TA,No,ALQ,322,Unf,0,536,858,GasA,TA,Y,SBrkr,858,0,0,858,0,0,1,0,2,1,TA,4,Typ,0,,Detchd,1979.0,Unf,1,684,TA,TA,Y,0,0,0,0,0,0,,,,0,6,2007,WD,Normal,110000
903,60,RL,63.0,7875,Pave,,Reg,Lvl,AllPub,Inside,Gtl,Gilbert,Norm,Norm,1Fam,2Story,7,5,2003,2003,Gable,CompShg,VinylSd,VinylSd,None,0.0,Gd,TA,PConc,Gd,TA,No,Unf,0,Unf,0,783,783,GasA,Ex,Y,SBrkr,807,702,0,1509,0,0,2,1,3,1,Gd,8,Typ,1,Gd,Attchd,2003.0,Fin,2,393,TA,TA,Y,0,75,0,0,0,0,,,,0,7,2006,WD,Normal,180000
932,20,RL,70.0,9100,Pave,,Reg,Lvl,AllPub,Inside,Gtl,NAmes,Norm,Norm,1Fam,1Story,5,6,1965,1965,Gable,CompShg,VinylSd,VinylSd,None,0.0,TA,TA,CBlock,TA,TA,No,BLQ,338,Rec,466,121,925,GasA,Ex,Y,SBrkr,925,0,0,925,0,1,1,0,2,1,TA,5,Typ,0,,Detchd,1965.0,Unf,1,429,TA,TA,Y,0,0,0,0,0,0,,GdWo,,0,7,2009,WD,Normal,117500
958,20,RL,70.0,7420,Pave,,Reg,Lvl,AllPub,Inside,Gtl,Sawyer,Norm,Norm,1Fam,1Story,5,5,1962,1962,Hip,CompShg,MetalSd,MetalSd,None,0.0,TA,TA,CBlock,TA,TA,No,Rec,417,Unf,0,640,1057,GasA,TA,Y,SBrkr,1057,0,0,1057,0,0,1,0,3,1,TA,6,Typ,0,,Detchd,1977.0,Fin,2,576,TA,TA,Y,0,0,0,0,0,0,,,,0,4,2007,WD,Normal,132000
980,20,RL,80.0,8816,Pave,,Reg,Lvl,AllPub,Corner,Gtl,Sawyer,Feedr,Norm,1Fam,1Story,5,6,1963,1963,Gable,CompShg,VinylSd,VinylSd,None,0.0,TA,TA,PConc,TA,TA,No,Rec,651,Unf,0,470,1121,GasA,TA,Y,SBrkr,1121,0,0,1121,1,0,1,0,3,1,TA,5,Typ,0,,Detchd,1963.0,Unf,2,480,TA,TA,Y,0,80,0,0,0,0,,MnPrv,,0,6,2009,WD,Normal,139000
1140,30,RL,98.0,8731,Pave,,IR1,Lvl,AllPub,Inside,Gtl,BrkSide,Norm,Norm,1Fam,1Story,5,5,1920,1950,Gable,CompShg,Stucco,Stucco,None,0.0,TA,Fa,BrkTil,TA,TA,No,BLQ,645,Unf,0,270,915,GasA,TA,Y,SBrkr,1167,0,0,1167,0,0,1,0,3,1,TA,6,Maj1,1,Gd,Detchd,1972.0,Unf,2,495,TA,TA,Y,0,0,216,0,126,0,,,,0,5,2007,WD,Normal,144000
1185,20,RL,50.0,35133,Grvl,,Reg,Lvl,AllPub,Inside,Mod,Timber,Norm,Norm,1Fam,1Story,5,4,1963,1963,Hip,CompShg,MetalSd,MetalSd,BrkFace,226.0,TA,TA,CBlock,TA,TA,Gd,Rec,1159,Unf,0,413,1572,GasA,Gd,Y,SBrkr,1572,0,0,1572,1,0,1,1,3,1,TA,5,Typ,2,TA,2Types,1963.0,RFn,3,995,TA,TA,Y,0,263,0,0,263,0,,,,0,5,2007,WD,Normal,186700
1380,80,RL,73.0,9735,Pave,,Reg,Lvl,AllPub,Inside,Gtl,Timber,Norm,Norm,1Fam,SLvl,5,5,2006,2007,Gable,CompShg,VinylSd,VinylSd,None,0.0,TA,TA,PConc,Gd,TA,No,Unf,0,Unf,0,384,384,GasA,Gd,Y,,754,640,0,1394,0,0,2,1,3,1,Gd,7,Typ,0,,BuiltIn,2007.0,Fin,2,400,TA,TA,Y,100,0,0,0,0,0,,,,0,5,2008,WD,Normal,167500
1444,30,RL,,8854,Pave,,Reg,Lvl,AllPub,Inside,Gtl,BrkSide,Norm,Norm,1Fam,1.5Unf,6,6,1916,1950,Gable,CompShg,Wd Sdng,Wd Sdng,None,0.0,TA,TA,BrkTil,TA,TA,No,Unf,0,Unf,0,952,952,Grav,Fa,N,FuseF,952,0,0,952,0,0,1,0,2,1,Fa,4,Typ,1,Gd,Detchd,1916.0,Unf,1,192,Fa,Po,P,0,98,0,0,40,0,,,,0,5,2009,WD,Normal,121000
1352,60,RL,70.0,9247,Pave,,IR1,Lvl,AllPub,Inside,Gtl,NAmes,Norm,Norm,1Fam,2Story,6,6,1962,1962,Gable,CompShg,HdBoard,HdBoard,BrkFace,318.0,TA,TA,CBlock,TA,TA,No,Rec,319,Unf,0,539,858,GasA,Ex,Y,SBrkr,858,858,0,1716,0,0,1,1,4,1,TA,8,Typ,1,Gd,Attchd,1962.0,Fin,2,490,TA,TA,Y,0,84,0,0,120,0,,,,0,3,2008,WD,Normal,171000
670,30,RL,80.0,11600,Pave,,Reg,Lvl,AllPub,Inside,Gtl,Crawfor,Norm,Norm,1Fam,1Story,4,5,1922,1950,Gable,CompShg,MetalSd,MetalSd,None,0.0,TA,TA,BrkTil,Fa,TA,No,Unf,0,Unf,0,700,700,GasA,Ex,Y,SBrkr,1180,0,0,1180,0,0,1,0,2,1,Fa,5,Typ,1,Gd,Detchd,1922.0,Unf,1,252,TA,Fa,Y,0,0,67,0,0,0,,,,0,7,2006,WD,Normal,137500
649,60,RL,70.0,7700,Pave,,Reg,Lvl,AllPub,Inside,Gtl,NAmes,PosN,Norm,1Fam,2Story,6,5,1966,1966,Gable,CompShg,MetalSd,MetalSd,BrkFace,351.0,TA,TA,CBlock,TA,TA,No,Unf,0,Unf,0,756,756,GasA,TA,Y,SBrkr,1051,788,0,1839,0,0,1,1,4,1,TA,7,Typ,1,TA,Attchd,1966.0,Unf,2,442,TA,TA,Y,0,124,216,0,0,0,,,,0,6,2010,WD,Normal,155000
900,20,RL,65.0,6993,Pave,,Reg,Lvl,AllPub,Inside,Gtl,Sawyer,Feedr,Norm,1Fam,1Story,5,7,1961,1994,Gable,CompShg,HdBoard,Plywood,None,0.0,TA,TA,CBlock,TA,TA,No,BLQ,465,Unf,0,447,912,GasA,TA,Y,SBrkr,1236,0,0,1236,0,0,1,0,3,1,TA,6,Typ,1,TA,Attchd,1961.0,Unf,1,288,TA,TA,Y,0,0,0,0,0,0,,,,0,6,2006,WD,Normal,135000
953,85,RL,60.0,7200,Pave,,Reg,Lvl,AllPub,Inside,Gtl,CollgCr,Norm,Norm,1Fam,SFoyer,5,8,1972,2003,Gable,CompShg,WdShing,HdBoard,None,0.0,TA,Gd,CBlock,Gd,TA,Av,GLQ,660,Unf,0,108,768,GasA,Gd,Y,SBrkr,768,0,0,768,0,1,1,0,2,1,TA,5,Typ,0,,Detchd,1974.0,Fin,1,396,TA,TA,Y,192,0,0,0,0,0,,MnPrv,,0,4,2009,WD,Normal,133900
445,60,RL,70.0,8750,Pave,,Reg,Lvl,AllPub,Inside,Gtl,CollgCr,Norm,Norm,1Fam,2Story,7,5,1994,1995,Gable,CompShg,VinylSd,VinylSd,None,0.0,Gd,Gd,PConc,Gd,TA,No,GLQ,642,Unf,0,273,915,GasA,Ex,Y,SBrkr,933,975,0,1908,1,0,2,1,4,1,Gd,8,Typ,1,TA,Attchd,1994.0,Unf,2,493,TA,TA,Y,144,133,0,0,0,0,,,,0,7,2008,WD,Normal,210000
253,60,RL,65.0,8366,Pave,,IR1,Lvl,AllPub,Inside,Gtl,SawyerW,Norm,Norm,1Fam,2Story,6,5,2004,2004,Gable,CompShg,VinylSd,VinylSd,None,0.0,Gd,TA,PConc,Gd,TA,No,Unf,0,Unf,0,798,798,GasA,Ex,Y,SBrkr,798,842,0,1640,0,0,2,1,3,1,Gd,6,Typ,0,,Attchd,2004.0,RFn,2,520,TA,TA,Y,138,45,0,0,0,0,,,,0,12,2008,WD,Normal,173000
640,120,RL,53.0,3982,Pave,,Reg,Lvl,AllPub,Inside,Gtl,Blmngtn,Norm,Norm,TwnhsE,1Story,8,5,2006,2006,Hip,CompShg,VinylSd,VinylSd,None,0.0,Gd,TA,PConc,Gd,Gd,Av,GLQ,1154,Unf,0,366,1520,GasA,Ex,Y,SBrkr,1567,0,0,1567,1,0,2,0,1,1,Ex,7,Typ,1,Gd,Attchd,2006.0,Fin,3,648,TA,TA,Y,312,0,0,0,0,0,,,,0,10,2006,New,Partial,264561
822,20,RM,60.0,6000,Pave,Pave,Reg,Bnk,AllPub,Inside,Mod,OldTown,Norm,Norm,2fmCon,1Story,4,4,1953,1953,Gable,CompShg,MetalSd,MetalSd,None,0.0,Fa,TA,CBlock,Fa,TA,No,Unf,0,Unf,0,936,936,GasA,TA,N,SBrkr,936,0,0,936,0,0,1,0,2,1,TA,4,Min2,0,,Detchd,1974.0,Unf,2,576,TA,TA,Y,0,32,112,0,0,0,,,,0,2,2009,WD,Normal,93000
584,75,RM,75.0,13500,Pave,,Reg,Lvl,AllPub,Inside,Gtl,OldTown,Artery,PosA,1Fam,2.5Unf,10,9,1893,2000,Gable,CompShg,Wd Sdng,Wd Sdng,None,0.0,Ex,Ex,BrkTil,TA,TA,No,Unf,0,Unf,0,1237,1237,GasA,Gd,Y,SBrkr,1521,1254,0,2775,0,0,3,1,3,1,Gd,9,Typ,1,Gd,Detchd,1988.0,Unf,2,880,Gd,TA,Y,105,502,0,0,0,0,,,,0,7,2008,WD,Normal,325000
836,20,RL,60.0,9600,Pave,,Reg,Lvl,AllPub,Inside,Gtl,Sawyer,Norm,Norm,1Fam,1Story,4,7,1950,1995,Gable,CompShg,VinylSd,HdBoard,None,0.0,TA,TA,CBlock,Gd,TA,No,BLQ,442,Unf,0,625,1067,GasA,TA,Y,SBrkr,1067,0,0,1067,0,0,2,0,2,1,Gd,4,Min2,0,,Attchd,1996.0,Unf,2,436,TA,TA,Y,290,0,0,0,0,0,,,,0,2,2010,WD,Normal,128000
1435,20,RL,80.0,17400,Pave,,Reg,Low,AllPub,Inside,Mod,Mitchel,Norm,Norm,1Fam,1Story,5,5,1977,1977,Gable,CompShg,BrkFace,BrkFace,None,0.0,TA,TA,CBlock,TA,TA,No,ALQ,936,Unf,0,190,1126,GasA,Fa,Y,SBrkr,1126,0,0,1126,1,0,2,0,3,1,TA,5,Typ,1,Gd,Attchd,1977.0,RFn,2,484,TA,TA,P,295,41,0,0,0,0,,,,0,5,2006,WD,Normal,160000
939,60,RL,73.0,8760,Pave,,Reg,Lvl,AllPub,Inside,Gtl,CollgCr,Norm,Norm,1Fam,2Story,7,5,2006,2006,Gable,CompShg,VinylSd,VinylSd,None,0.0,Gd,TA,PConc,Gd,Gd,Mn,GLQ,464,Unf,0,927,1391,GasA,Ex,Y,SBrkr,1391,571,0,1962,0,0,2,1,3,1,Gd,7,Typ,0,,Attchd,2006.0,RFn,3,868,TA,TA,Y,0,90,0,0,0,0,,,,0,8,2006,New,Partial,239799
1209,20,RL,70.0,7763,Pave,,Reg,Lvl,AllPub,Inside,Gtl,NAmes,Norm,Norm,1Fam,1Story,5,7,1962,1980,Gable,CompShg,MetalSd,MetalSd,None,0.0,TA,Gd,CBlock,TA,TA,No,Rec,504,BLQ,108,319,931,GasA,TA,Y,SBrkr,1283,0,0,1283,1,0,1,0,3,1,TA,6,Typ,0,,Detchd,1980.0,Unf,2,506,TA,TA,Y,0,0,0,0,0,0,,,,0,10,2008,WD,Normal,140000
592,60,RL,97.0,13478,Pave,,IR1,Lvl,AllPub,Corner,Gtl,NridgHt,Norm,Norm,1Fam,2Story,10,5,2008,2008,Gable,CompShg,CemntBd,CmentBd,Stone,420.0,Ex,TA,PConc,Ex,TA,Gd,GLQ,1338,Unf,0,384,1722,GasA,Ex,Y,SBrkr,1728,568,0,2296,1,0,2,1,3,1,Ex,10,Typ,1,Gd,BuiltIn,2008.0,RFn,3,842,TA,TA,Y,382,274,0,0,0,0,,,,0,6,2009,ConLI,Normal,451950
804,60,RL,107.0,13891,Pave,,Reg,Lvl,AllPub,Inside,Gtl,NridgHt,Norm,Norm,1Fam,2Story,9,5,2008,2009,Hip,CompShg,VinylSd,VinylSd,Stone,424.0,Ex,TA,PConc,Ex,TA,Gd,Unf,0,Unf,0,1734,1734,GasA,Ex,Y,SBrkr,1734,1088,0,2822,0,0,3,1,4,1,Ex,12,Typ,1,Gd,BuiltIn,2009.0,RFn,3,1020,TA,TA,Y,52,170,0,0,192,0,,,,0,1,2009,New,Partial,582933
1082,20,RL,75.0,7500,Pave,,Reg,Lvl,AllPub,Corner,Gtl,Sawyer,Feedr,Norm,1Fam,1Story,5,5,1963,1963,Gable,CompShg,HdBoard,HdBoard,None,0.0,TA,TA,CBlock,TA,TA,No,ALQ,824,Unf,0,216,1040,GasA,Fa,Y,SBrkr,1040,0,0,1040,1,0,1,1,3,1,TA,5,Typ,0,,Attchd,1963.0,Fin,1,308,TA,TA,Y,0,0,220,0,0,0,,MnPrv,,0,6,2010,WD,Normal,133000
713,120,RL,40.0,4671,Pave,,IR1,HLS,AllPub,Inside,Gtl,StoneBr,Norm,Norm,TwnhsE,1Story,8,5,1988,1989,Gable,CompShg,HdBoard,HdBoard,None,0.0,Gd,TA,PConc,Gd,TA,Mn,GLQ,767,Unf,0,461,1228,GasA,Gd,Y,SBrkr,1228,0,0,1228,1,0,2,0,2,1,Gd,5,Typ,1,Gd,Attchd,1988.0,Fin,2,472,TA,TA,Y,168,120,0,0,0,0,,,,0,10,2008,WD,Normal,189000
104,20,RL,94.0,10402,Pave,,IR1,Lvl,AllPub,Corner,Gtl,CollgCr,Norm,Norm,1Fam,1Story,7,5,2009,2009,Gable,CompShg,VinylSd,VinylSd,None,0.0,TA,TA,PConc,Gd,TA,No,Unf,0,Unf,0,1226,1226,GasA,Ex,Y,SBrkr,1226,0,0,1226,0,0,2,0,3,1,Gd,6,Typ,0,,Attchd,2009.0,RFn,3,740,TA,TA,Y,0,36,0,0,0,0,,,,0,5,2010,WD,Normal,198900
1007,20,RL,,12155,Pave,,IR3,Lvl,AllPub,Inside,Gtl,NAmes,PosN,Norm,1Fam,1Story,6,3,1970,1970,Gable,CompShg,Plywood,Plywood,None,0.0,TA,TA,CBlock,Gd,TA,No,LwQ,1237,Unf,0,420,1657,GasA,Gd,Y,SBrkr,1657,0,0,1657,0,1,2,0,3,1,TA,7,Typ,1,TA,Attchd,1970.0,Unf,2,484,TA,TA,Y,0,0,0,0,147,0,,,,0,3,2007,WD,Normal,163500
622,60,RL,90.0,10800,Pave,,Reg,Lvl,AllPub,Inside,Gtl,NWAmes,Norm,Norm,1Fam,2Story,6,7,1974,1997,Gable,CompShg,HdBoard,HdBoard,None,0.0,TA,TA,CBlock,TA,TA,No,ALQ,956,Rec,182,384,1522,GasA,TA,Y,SBrkr,1548,1066,0,2614,0,0,2,1,4,1,TA,9,Typ,1,TA,Attchd,1974.0,RFn,2,624,TA,TA,Y,38,243,0,0,0,0,,,,0,6,2008,WD,Normal,240000
914,90,RH,82.0,6270,Pave,,Reg,HLS,AllPub,Inside,Gtl,Crawfor,Norm,Norm,Duplex,2Story,5,6,1949,1950,Gable,CompShg,MetalSd,MetalSd,None,0.0,TA,TA,CBlock,TA,TA,No,BLQ,284,Unf,0,717,1001,GasA,TA,N,FuseA,1001,1001,0,2002,0,0,2,0,4,2,TA,8,Typ,0,,2Types,1949.0,Unf,3,871,TA,TA,Y,0,0,0,0,0,0,,,,0,8,2007,WD,Normal,145000
547,50,RL,70.0,8737,Pave,,IR1,Bnk,AllPub,Inside,Gtl,BrkSide,Norm,Norm,1Fam,1.5Fin,6,7,1923,1950,Gable,CompShg,BrkFace,Wd Sdng,None,0.0,TA,TA,BrkTil,Gd,TA,No,Rec,300,Unf,0,765,1065,GasA,Ex,Y,FuseA,915,720,0,1635,0,0,1,1,3,1,TA,6,Typ,1,Gd,Detchd,1950.0,Unf,2,440,TA,TA,Y,0,38,0,144,0,0,,,,0,5,2007,WD,Normal,210000
1223,50,RL,78.0,10496,Pave,,Reg,Lvl,AllPub,Inside,Gtl,NAmes,Artery,Norm,1Fam,1.5Fin,6,6,1949,1950,Gable,CompShg,Wd Sdng,Wd Sdng,BrkFace,320.0,TA,TA,CBlock,TA,TA,Mn,Rec,196,Unf,0,844,1040,GasA,Ex,Y,SBrkr,1168,678,0,1846,0,0,2,0,3,1,TA,7,Typ,1,Gd,Attchd,1949.0,Unf,1,315,TA,TA,Y,0,0,0,0,0,0,,GdWo,,0,1,2007,WD,Normal,143000
85,80,RL,,8530,Pave,,IR1,Lvl,AllPub,Inside,Gtl,Gilbert,Norm,Norm,1Fam,SLvl,7,5,1995,1996,Gable,CompShg,HdBoard,HdBoard,BrkFace,22.0,TA,TA,PConc,Gd,TA,No,Unf,0,Unf,0,384,384,GasA,Gd,Y,SBrkr,804,670,0,1474,0,0,2,1,3,1,TA,7,Typ,1,TA,BuiltIn,1995.0,Fin,2,400,TA,TA,Y,120,72,0,0,0,0,,,Shed,700,5,2009,WD,Normal,168500
968,20,RL,,7390,Pave,,IR1,Lvl,AllPub,Inside,Gtl,NAmes,Norm,Norm,1Fam,1Story,5,7,1955,1955,Hip,CompShg,Wd Sdng,Wd Sdng,BrkFace,151.0,TA,TA,CBlock,TA,TA,No,ALQ,902,Unf,0,196,1098,GasA,TA,Y,SBrkr,1098,0,0,1098,1,0,1,0,3,1,TA,6,Typ,0,,Attchd,1955.0,Unf,1,260,TA,TA,Y,0,0,0,0,0,0,,,,0,7,2008,WD,Normal,135000
156,50,RL,60.0,9600,Pave,,Reg,Lvl,AllPub,Corner,Gtl,Edwards,Artery,Norm,1Fam,1.5Fin,6,5,1924,1950,Gable,CompShg,Wd Sdng,Wd Sdng,None,0.0,TA,TA,BrkTil,TA,TA,No,Unf,0,Unf,0,572,572,Grav,Fa,N,FuseF,572,524,0,1096,0,0,1,0,2,1,TA,5,Typ,0,,,,,0,0,,,N,0,8,128,0,0,0,,,,0,4,2008,WD,Normal,79000
532,70,RM,60.0,6155,Pave,,IR1,Lvl,AllPub,FR3,Gtl,BrkSide,RRNn,Feedr,1Fam,2Story,6,8,1920,1999,Gable,CompShg,Wd Sdng,Wd Sdng,None,0.0,TA,TA,BrkTil,Fa,Fa,Mn,Unf,0,Unf,0,611,611,GasA,Ex,Y,SBrkr,751,611,0,1362,0,0,2,0,3,1,TA,6,Typ,0,,Detchd,1920.0,Fin,2,502,TA,Fa,Y,0,0,84,0,0,0,,,,0,6,2008,WD,Normal,128000
140,60,RL,65.0,15426,Pave,,IR1,Lvl,AllPub,Inside,Gtl,CollgCr,Norm,Norm,1Fam,2Story,6,5,1997,1997,Gable,CompShg,VinylSd,VinylSd,None,0.0,TA,TA,PConc,Gd,TA,No,GLQ,821,Unf,0,107,928,GasA,Ex,Y,SBrkr,928,836,0,1764,1,0,2,1,3,1,Gd,7,Typ,0,,Attchd,1997.0,RFn,2,470,TA,TA,Y,276,99,0,0,0,0,,MnPrv,,0,8,2009,WD,Normal,231500
567,60,RL,77.0,11198,Pave,,IR1,Lvl,AllPub,Inside,Gtl,StoneBr,Norm,Norm,1Fam,2Story,9,5,2005,2007,Hip,CompShg,VinylSd,VinylSd,BrkFace,245.0,Gd,TA,PConc,Gd,Gd,No,Unf,0,Unf,0,1122,1122,GasA,Ex,Y,SBrkr,1134,1370,0,2504,0,0,2,1,4,1,Ex,11,Typ,1,Gd,BuiltIn,2005.0,Fin,3,656,TA,TA,Y,144,39,0,0,0,0,,,,0,6,2008,WD,Normal,325000
29,20,RL,47.0,16321,Pave,,IR1,Lvl,AllPub,CulDSac,Gtl,NAmes,Norm,Norm,1Fam,1Story,5,6,1957,1997,Gable,CompShg,MetalSd,MetalSd,None,0.0,TA,TA,CBlock,TA,TA,Gd,BLQ,1277,Unf,0,207,1484,GasA,TA,Y,SBrkr,1600,0,0,1600,1,0,1,0,2,1,TA,6,Typ,2,Gd,Attchd,1957.0,RFn,1,319,TA,TA,Y,288,258,0,0,0,0,,,,0,12,2006,WD,Normal,207500
576,50,RL,80.0,8480,Pave,,Reg,Lvl,AllPub,Inside,Gtl,NAmes,Norm,Norm,1Fam,1.5Fin,5,5,1947,1950,Gable,CompShg,MetalSd,MetalSd,None,0.0,TA,TA,CBlock,TA,TA,No,Rec,442,Unf,0,390,832,GasA,TA,Y,SBrkr,832,384,0,1216,0,0,1,0,2,1,TA,6,Typ,0,,Detchd,1947.0,Unf,1,336,TA,TA,Y,158,0,102,0,0,0,,,,0,10,2008,COD,Abnorml,118500
1446,85,RL,70.0,8400,Pave,,Reg,Lvl,AllPub,Inside,Gtl,Sawyer,Norm,Norm,1Fam,SFoyer,6,5,1966,1966,Gable,CompShg,VinylSd,VinylSd,None,0.0,TA,TA,CBlock,TA,TA,Gd,LwQ,187,Rec,627,0,814,GasA,Gd,Y,SBrkr,913,0,0,913,1,0,1,0,3,1,TA,6,Typ,0,,Detchd,1990.0,Unf,1,240,TA,TA,Y,0,0,252,0,0,0,,,,0,5,2007,WD,Normal,129000
384,45,RH,60.0,9000,Pave,,Reg,Lvl,AllPub,Corner,Gtl,SawyerW,Norm,Norm,1Fam,1.5Unf,6,3,1928,1950,Gable,CompShg,Wd Sdng,Wd Sdng,None,0.0,TA,TA,BrkTil,Fa,Fa,No,Unf,0,Unf,0,784,784,GasA,TA,N,FuseA,784,0,0,784,0,0,1,0,2,1,TA,5,Typ,0,,Detchd,1950.0,Unf,2,360,Fa,Fa,N,0,0,91,0,0,0,,,,0,10,2009,WD,Normal,76000
1064,30,RM,50.0,6000,Pave,,Reg,Lvl,AllPub,Inside,Gtl,OldTown,Artery,Norm,1Fam,1Story,6,6,1925,1980,Gable,CompShg,MetalSd,MetalSd,None,0.0,TA,Gd,BrkTil,TA,TA,No,BLQ,397,Unf,0,706,1103,GasA,Gd,Y,SBrkr,1103,0,0,1103,0,0,1,0,2,1,Gd,5,Typ,1,Gd,Detchd,1976.0,Unf,2,440,TA,TA,Y,166,120,0,0,0,0,,MnPrv,,0,7,2006,WD,Normal,110500
912,20,RL,,9286,Pave,,IR1,Lvl,AllPub,CulDSac,Mod,CollgCr,Norm,Norm,1Fam,1Story,5,7,1977,1989,Gable,CompShg,HdBoard,Plywood,None,0.0,TA,TA,CBlock,Gd,Gd,Av,ALQ,196,Unf,0,1072,1268,GasA,TA,Y,SBrkr,1268,0,0,1268,0,0,1,1,3,1,Gd,5,Typ,0,,Detchd,1978.0,Unf,1,252,TA,TA,Y,173,0,0,0,0,0,,,,0,10,2009,WD,Normal,143500
1045,20,RL,80.0,9600,Pave,,Reg,Lvl,AllPub,Inside,Gtl,NWAmes,PosN,Norm,1Fam,1Story,8,5,1981,1981,Hip,WdShngl,BrkFace,BrkFace,None,0.0,Gd,TA,PConc,Gd,TA,No,ALQ,1104,Unf,0,1420,2524,GasA,TA,Y,SBrkr,2524,0,0,2524,1,0,2,1,4,1,Gd,9,Typ,1,Gd,Attchd,1981.0,Fin,2,542,TA,TA,Y,474,120,0,0,0,0,,MnPrv,,0,7,2009,WD,Normal,278000
262,60,RL,69.0,9588,Pave,,IR1,Lvl,AllPub,Inside,Gtl,CollgCr,Norm,Norm,1Fam,2Story,8,5,2007,2007,Gable,CompShg,CemntBd,CmentBd,Stone,270.0,Gd,TA,PConc,Ex,TA,No,Unf,0,Unf,0,1482,1482,GasA,Ex,Y,SBrkr,1482,1092,0,2574,0,0,2,1,3,1,Ex,10,Typ,1,Gd,BuiltIn,2007.0,Fin,3,868,TA,TA,Y,0,148,0,0,0,0,,,,0,11,2007,New,Partial,276000
1454,20,RL,90.0,17217,Pave,,Reg,Lvl,AllPub,Inside,Gtl,Mitchel,Norm,Norm,1Fam,1Story,5,5,2006,2006,Gable,CompShg,VinylSd,VinylSd,None,0.0,TA,TA,PConc,Gd,TA,No,Unf,0,Unf,0,1140,1140,GasA,Ex,Y,SBrkr,1140,0,0,1140,0,0,1,0,3,1,TA,6,Typ,0,,,,,0,0,,,Y,36,56,0,0,0,0,,,,0,7,2006,WD,Abnorml,84500
217,20,RL,65.0,8450,Pave,,Reg,Lvl,AllPub,Inside,Gtl,CollgCr,Norm,Norm,1Fam,1Story,7,5,2004,2004,Gable,CompShg,VinylSd,VinylSd,BrkFace,266.0,Gd,TA,PConc,Gd,TA,Mn,GLQ,946,Unf,0,490,1436,GasA,Ex,Y,SBrkr,1436,0,0,1436,1,0,2,0,3,1,Gd,8,Typ,0,,Attchd,2004.0,Unf,2,484,TA,TA,Y,139,98,0,0,0,0,,,,0,4,2008,WD,Normal,210000
127,120,RL,,4928,Pave,,IR1,Lvl,AllPub,Inside,Gtl,NPkVill,Norm,Norm,TwnhsE,1Story,6,5,1976,1976,Gable,CompShg,Plywood,Plywood,None,0.0,TA,TA,CBlock,Gd,TA,No,ALQ,120,Unf,0,958,1078,GasA,TA,Y,SBrkr,958,0,0,958,0,0,2,0,2,1,TA,5,Typ,1,TA,Attchd,1977.0,RFn,2,440,TA,TA,Y,0,205,0,0,0,0,,,,0,2,2007,WD,Normal,128000
1172,20,RL,76.0,9120,Pave,,Reg,Lvl,AllPub,Inside,Gtl,NAmes,Norm,Norm,1Fam,1Story,6,6,1958,1958,Hip,CompShg,MetalSd,MetalSd,None,0.0,TA,TA,CBlock,TA,TA,No,ALQ,662,Unf,0,599,1261,GasA,Ex,Y,SBrkr,1261,0,0,1261,1,0,1,0,3,1,TA,6,Typ,1,TA,Attchd,1958.0,RFn,2,433,TA,TA,Y,0,0,0,0,288,0,,,Shed,1400,11,2008,WD,Normal,163000
155,30,RM,84.0,11340,Pave,,Reg,Lvl,AllPub,Corner,Gtl,OldTown,Norm,Norm,1Fam,1Story,6,5,1923,1950,Gable,CompShg,Wd Sdng,Wd Sdng,None,0.0,TA,TA,BrkTil,TA,TA,No,Unf,0,Unf,0,1200,1200,GasA,TA,Y,FuseA,1200,0,0,1200,0,0,1,0,4,1,TA,7,Typ,0,,Detchd,1923.0,Unf,1,312,Fa,Fa,Y,0,0,228,0,0,0,,,,0,3,2006,WD,Family,125000
298,60,FV,66.0,7399,Pave,Pave,IR1,Lvl,AllPub,Inside,Gtl,Somerst,Norm,Norm,1Fam,2Story,7,5,1997,1998,Hip,CompShg,VinylSd,VinylSd,BrkFace,1600.0,Gd,TA,PConc,Gd,TA,No,BLQ,649,Unf,0,326,975,GasA,Ex,Y,SBrkr,975,975,0,1950,0,0,2,1,3,1,Gd,7,Typ,1,TA,Detchd,1997.0,RFn,2,576,TA,TA,Y,0,10,0,0,198,0,,,,0,6,2007,WD,Normal,239000
1416,120,RL,51.0,3635,Pave,,Reg,Lvl,AllPub,Inside,Gtl,Blmngtn,Norm,Norm,TwnhsE,1Story,7,5,2007,2007,Hip,CompShg,VinylSd,VinylSd,BrkFace,130.0,Gd,TA,PConc,Gd,TA,No,ALQ,988,Unf,0,398,1386,GasA,Ex,Y,SBrkr,1569,0,0,1569,0,1,2,0,1,1,Gd,7,Typ,1,TA,Attchd,2007.0,RFn,3,660,TA,TA,Y,143,20,0,0,0,0,,,,0,5,2009,WD,Normal,175900
1086,85,RL,73.0,9069,Pave,,Reg,Lvl,AllPub,Inside,Gtl,SawyerW,Norm,Norm,1Fam,SFoyer,6,6,1992,1992,Gable,CompShg,HdBoard,HdBoard,None,0.0,TA,TA,PConc,Gd,TA,Av,GLQ,747,Unf,0,189,936,GasA,Ex,Y,SBrkr,996,0,0,996,1,0,1,0,2,1,Gd,5,Typ,0,,Attchd,1992.0,Unf,2,564,TA,TA,Y,120,0,0,0,0,0,,,,0,4,2010,WD,Normal,147000
1457,20,RL,85.0,13175,Pave,,Reg,Lvl,AllPub,Inside,Gtl,NWAmes,Norm,Norm,1Fam,1Story,6,6,1978,1988,Gable,CompShg,Plywood,Plywood,Stone,119.0,TA,TA,CBlock,Gd,TA,No,ALQ,790,Rec,163,589,1542,GasA,TA,Y,SBrkr,2073,0,0,2073,1,0,2,0,3,1,TA,7,Min1,2,TA,Attchd,1978.0,Unf,2,500,TA,TA,Y,349,0,0,0,0,0,,MnPrv,,0,2,2010,WD,Normal,210000
664,85,RL,90.0,10012,Pave,,Reg,Lvl,AllPub,Inside,Gtl,Edwards,Norm,Norm,1Fam,SFoyer,4,5,1972,1972,Gable,CompShg,Plywood,Plywood,None,0.0,TA,TA,CBlock,Gd,TA,Av,BLQ,920,Rec,180,38,1138,GasA,TA,Y,SBrkr,1181,0,0,1181,1,0,2,0,3,1,TA,6,Typ,0,,Detchd,1974.0,RFn,2,588,TA,TA,Y,0,0,180,0,0,0,,MnPrv,,0,4,2008,WD,Normal,137500
213,60,FV,72.0,8640,Pave,,Reg,Lvl,AllPub,Inside,Gtl,Somerst,Norm,Norm,1Fam,2Story,7,5,2009,2009,Gable,CompShg,VinylSd,VinylSd,None,0.0,TA,TA,PConc,Gd,TA,No,GLQ,822,Unf,0,78,900,GasA,Ex,Y,SBrkr,932,920,0,1852,1,0,2,1,3,1,Gd,7,Typ,1,TA,Attchd,2009.0,RFn,2,644,TA,TA,Y,168,108,0,0,0,0,,,,0,7,2009,New,Partial,252678
150,50,RM,,6240,Pave,,Reg,Lvl,AllPub,Inside,Gtl,BrkSide,Norm,Norm,1Fam,1.5Fin,5,4,1936,1950,Gable,CompShg,MetalSd,MetalSd,None,0.0,TA,TA,BrkTil,Gd,TA,No,Unf,0,Unf,0,896,896,GasA,Gd,Y,FuseA,896,448,0,1344,0,0,1,0,3,1,TA,7,Typ,0,,Detchd,1936.0,Unf,1,240,Fa,TA,Y,200,114,0,0,0,0,,,,0,4,2006,WD,Normal,115000
1390,50,RM,60.0,6000,Pave,,Reg,Lvl,AllPub,Inside,Gtl,BrkSide,Norm,Norm,1Fam,1.5Fin,6,6,1941,1950,Gable,CompShg,Wd Sdng,Wd Sdng,None,0.0,TA,Gd,BrkTil,TA,Gd,No,ALQ,375,Unf,0,360,735,GasA,Ex,Y,SBrkr,869,349,0,1218,0,1,1,0,3,1,TA,6,Typ,1,Gd,Detchd,2003.0,Unf,2,440,TA,TA,Y,0,0,0,0,0,0,,,,0,3,2007,WD,Normal,131000
1033,60,RL,,14541,Pave,,IR1,Lvl,AllPub,Corner,Gtl,NoRidge,Norm,Norm,1Fam,2Story,8,7,1993,1993,Gable,CompShg,MetalSd,MetalSd,None,0.0,Gd,Gd,PConc,Gd,Gd,No,GLQ,1012,Unf,0,326,1338,GasA,Ex,Y,SBrkr,1352,1168,0,2520,1,0,2,1,5,1,Gd,10,Typ,1,TA,Attchd,1993.0,RFn,3,796,TA,TA,Y,209,55,0,0,0,0,,,,0,11,2006,WD,Abnorml,310000
1084,20,RL,80.0,8800,Pave,,Reg,Lvl,AllPub,Inside,Gtl,NAmes,Norm,Norm,1Fam,1Story,6,6,1964,1964,Hip,CompShg,HdBoard,HdBoard,BrkFace,425.0,TA,TA,CBlock,TA,TA,No,BLQ,553,Unf,0,698,1251,GasA,TA,Y,SBrkr,1251,0,0,1251,1,0,1,0,3,1,TA,6,Typ,2,Gd,Attchd,1964.0,RFn,1,461,TA,TA,Y,0,116,0,0,0,0,,MnPrv,Shed,700,3,2006,WD,Normal,160000
1131,50,RL,65.0,7804,Pave,,Reg,Lvl,AllPub,Inside,Gtl,SWISU,Norm,Norm,1Fam,1.5Fin,4,3,1928,1950,Gable,CompShg,WdShing,Plywood,None,0.0,TA,TA,BrkTil,TA,TA,No,BLQ,622,Unf,0,500,1122,GasA,TA,Y,SBrkr,1328,653,0,1981,1,0,2,0,4,1,Gd,7,Min2,2,TA,Detchd,1981.0,Unf,2,576,TA,TA,Y,431,44,0,0,0,0,,MnPrv,,0,12,2009,WD,Normal,135000
1417,190,RM,60.0,11340,Pave,,Reg,Lvl,AllPub,Inside,Gtl,OldTown,Norm,Norm,2fmCon,2Story,4,6,1885,1950,Gable,CompShg,VinylSd,AsbShng,None,0.0,TA,TA,PConc,TA,TA,No,Unf,0,Unf,0,777,777,GasA,Gd,Y,SBrkr,1246,1044,0,2290,0,0,2,0,4,2,TA,11,Typ,0,,Detchd,1971.0,Unf,2,560,TA,TA,N,0,0,114,0,0,0,,,,0,4,2010,WD,Normal,122500
1149,50,RM,,5700,Pave,,Reg,Lvl,AllPub,Inside,Gtl,OldTown,Norm,Norm,1Fam,1.5Fin,7,7,1926,1950,Gable,CompShg,Wd Sdng,Wd Sdng,None,0.0,TA,TA,PConc,TA,TA,No,Unf,0,Unf,0,572,572,GasA,TA,Y,SBrkr,572,539,0,1111,0,0,1,0,2,1,TA,5,Typ,1,Gd,Detchd,1982.0,Unf,1,288,TA,TA,Y,0,0,176,0,0,0,,,,0,8,2008,WD,Normal,116900
525,60,RL,95.0,11787,Pave,,IR1,Lvl,AllPub,Inside,Gtl,NoRidge,Norm,Norm,1Fam,2Story,7,5,1996,1997,Gable,CompShg,VinylSd,VinylSd,BrkFace,594.0,Gd,TA,PConc,Gd,TA,No,GLQ,719,Unf,0,660,1379,GasA,Ex,Y,SBrkr,1383,1015,0,2398,1,0,2,1,3,1,Gd,8,Typ,1,TA,Attchd,1996.0,Fin,3,834,TA,TA,Y,239,60,0,0,0,0,,,,0,8,2007,WD,Normal,315750
116,160,FV,34.0,3230,Pave,Pave,Reg,Lvl,AllPub,Corner,Gtl,Somerst,Norm,Norm,TwnhsE,2Story,6,5,1999,1999,Gable,CompShg,MetalSd,MetalSd,BrkFace,1129.0,TA,TA,PConc,Gd,TA,No,GLQ,419,Unf,0,310,729,GasA,Gd,Y,SBrkr,729,729,0,1458,0,0,2,1,2,1,TA,5,Typ,1,Fa,Detchd,1999.0,Unf,2,440,TA,TA,Y,0,32,0,0,0,0,,,,0,6,2007,WD,Normal,176000
460,50,RL,,7015,Pave,,IR1,Bnk,AllPub,Corner,Gtl,BrkSide,Norm,Norm,1Fam,1.5Fin,5,4,1950,1950,Gable,CompShg,MetalSd,MetalSd,BrkCmn,161.0,TA,TA,CBlock,TA,TA,No,LwQ,185,Unf,0,524,709,GasA,TA,Y,SBrkr,979,224,0,1203,1,0,1,0,3,1,Gd,5,Typ,1,TA,Detchd,1950.0,Unf,1,352,TA,TA,Y,0,0,248,0,0,0,,,,0,7,2009,WD,Normal,110000
1137,50,RL,80.0,9600,Pave,,Reg,Lvl,AllPub,Inside,Gtl,NAmes,Norm,Norm,1Fam,1.5Fin,6,5,1950,1950,Gable,CompShg,VinylSd,VinylSd,None,0.0,TA,TA,CBlock,TA,TA,No,BLQ,280,Unf,0,752,1032,GasA,TA,Y,FuseA,1032,220,0,1252,0,0,1,0,3,1,TA,6,Typ,0,,Attchd,1950.0,Unf,1,288,TA,TA,Y,0,0,96,0,0,0,,,,0,4,2008,WD,Abnorml,119000
1274,80,RL,124.0,11512,Pave,,IR1,Lvl,AllPub,Corner,Gtl,Edwards,Norm,Norm,1Fam,SLvl,6,7,1959,2006,Gable,CompShg,Plywood,Plywood,BrkFace,84.0,TA,TA,CBlock,TA,TA,Av,ALQ,719,Unf,0,300,1019,GasA,Gd,Y,SBrkr,1357,0,0,1357,1,0,1,0,2,1,Ex,5,Typ,1,Gd,Basment,1959.0,RFn,1,312,TA,TA,Y,0,0,0,0,163,0,,GdPrv,,0,5,2008,WD,Normal,177000
477,20,RL,75.0,13125,Pave,,Reg,Lvl,AllPub,Inside,Mod,CollgCr,Norm,Norm,1Fam,1Story,6,5,1997,1998,Gable,CompShg,VinylSd,VinylSd,BrkFace,215.0,TA,TA,PConc,Gd,TA,Gd,GLQ,994,Unf,0,484,1478,GasA,Ex,Y,SBrkr,1493,0,0,1493,1,0,2,0,3,1,Gd,7,Typ,1,TA,Attchd,1997.0,Fin,2,508,TA,TA,Y,140,39,0,0,0,0,,,,0,4,2008,WD,Normal,208900
879,85,RL,88.0,11782,Pave,,IR1,Lvl,AllPub,Inside,Gtl,Sawyer,Norm,Norm,1Fam,SFoyer,5,7,1961,1995,Gable,CompShg,HdBoard,HdBoard,None,0.0,TA,TA,CBlock,TA,TA,Av,ALQ,899,Unf,0,210,1109,GasA,TA,Y,SBrkr,1155,0,0,1155,1,0,1,0,3,1,Gd,6,Min2,0,,Detchd,1987.0,Unf,2,576,TA,TA,Y,192,0,0,0,0,0,,MnPrv,Shed,400,6,2010,WD,Normal,148000
518,60,RL,79.0,10208,Pave,,IR1,Lvl,AllPub,Inside,Gtl,NoRidge,Norm,Norm,1Fam,2Story,7,5,1996,1997,Gable,CompShg,VinylSd,VinylSd,BrkFace,921.0,Gd,TA,PConc,Gd,TA,No,Unf,0,Unf,0,1264,1264,GasA,Ex,Y,SBrkr,1277,1067,0,2344,0,0,2,1,3,1,Gd,7,Typ,1,TA,Attchd,1996.0,RFn,3,889,TA,TA,Y,220,0,0,0,0,0,,,,0,7,2009,WD,Normal,265000
177,60,RL,97.0,10029,Pave,,IR1,Lvl,AllPub,Corner,Gtl,ClearCr,Norm,Norm,1Fam,2Story,6,5,1988,1989,Gable,CompShg,Plywood,Plywood,BrkFace,268.0,Gd,TA,PConc,Gd,TA,No,GLQ,831,Unf,0,320,1151,GasA,TA,Y,SBrkr,1164,896,0,2060,0,1,2,1,4,1,TA,8,Typ,1,TA,Attchd,1988.0,Unf,2,521,TA,TA,Y,0,228,0,0,192,0,,,,0,9,2007,WD,Normal,211000
137,20,RL,,10355,Pave,,IR1,Lvl,AllPub,Corner,Gtl,NAmes,Norm,Norm,1Fam,1Story,5,5,1967,1967,Gable,CompShg,MetalSd,MetalSd,BrkFace,196.0,TA,TA,CBlock,TA,TA,No,BLQ,695,Unf,0,519,1214,GasA,TA,Y,SBrkr,1214,0,0,1214,0,0,2,0,3,1,TA,5,Typ,1,Fa,Attchd,1967.0,RFn,1,318,TA,TA,Y,0,111,0,0,0,0,,,,0,7,2007,WD,Normal,143000
1262,20,RL,80.0,9600,Pave,,Reg,Lvl,AllPub,Inside,Gtl,NAmes,Norm,Norm,1Fam,1Story,5,6,1956,1956,Hip,CompShg,MetalSd,MetalSd,None,0.0,TA,TA,CBlock,TA,TA,No,Rec,504,Unf,0,546,1050,GasA,Gd,Y,SBrkr,1050,0,0,1050,0,0,1,0,2,1,TA,5,Typ,0,,Attchd,1956.0,Unf,1,338,TA,TA,Y,0,0,0,0,0,0,,,,0,6,2009,WD,Normal,128900
1296,20,RL,70.0,8400,Pave,,Reg,Lvl,AllPub,Inside,Gtl,NAmes,Feedr,Norm,1Fam,1Story,5,5,1968,1968,Hip,CompShg,HdBoard,HdBoard,BrkFace,168.0,TA,TA,CBlock,TA,TA,Av,BLQ,1016,Unf,0,36,1052,GasA,Gd,Y,SBrkr,1052,0,0,1052,1,0,1,1,3,1,TA,5,Typ,0,,Attchd,1968.0,RFn,1,288,TA,TA,Y,356,0,0,0,0,0,,GdWo,,0,11,2006,WD,Normal,138500
346,50,RL,65.0,6435,Pave,,Reg,Lvl,AllPub,Inside,Gtl,BrkSide,RRAn,Norm,1Fam,1.5Fin,6,5,1939,1950,Gable,CompShg,MetalSd,MetalSd,None,0.0,TA,TA,BrkTil,TA,TA,No,Unf,0,Unf,0,972,972,GasA,Gd,Y,SBrkr,972,605,0,1577,0,0,1,0,3,1,Fa,6,Typ,1,Gd,Detchd,1939.0,Unf,1,312,TA,TA,Y,0,0,0,0,0,0,,,,0,10,2006,WD,Normal,140200
487,20,RL,79.0,10289,Pave,,Reg,Lvl,AllPub,Inside,Gtl,NAmes,Norm,Norm,1Fam,1Story,5,7,1965,1965,Hip,CompShg,MetalSd,MetalSd,BrkFace,168.0,TA,TA,CBlock,TA,TA,No,ALQ,836,Unf,0,237,1073,GasA,TA,Y,SBrkr,1073,0,0,1073,1,0,1,1,3,1,TA,6,Typ,0,,Attchd,1965.0,RFn,2,515,TA,TA,Y,0,0,0,0,0,0,,,,0,6,2007,WD,Normal,156000
84,20,RL,80.0,8892,Pave,,IR1,Lvl,AllPub,Inside,Gtl,NAmes,Norm,Norm,1Fam,1Story,5,5,1960,1960,Gable,CompShg,MetalSd,MetalSd,BrkCmn,66.0,TA,TA,CBlock,TA,TA,No,Unf,0,Unf,0,1065,1065,GasA,Gd,Y,SBrkr,1065,0,0,1065,0,0,1,1,3,1,TA,6,Typ,0,,Detchd,1974.0,Unf,2,461,TA,TA,Y,74,0,0,0,0,0,,,,0,7,2007,COD,Normal,126500
628,80,RL,80.0,9600,Pave,,Reg,Lvl,AllPub,Inside,Gtl,NAmes,Norm,Norm,1Fam,SLvl,6,6,1955,1972,Gable,CompShg,AsbShng,AsbShng,BrkFace,164.0,TA,TA,CBlock,TA,TA,Av,BLQ,674,LwQ,132,350,1156,GasA,Ex,Y,SBrkr,1520,0,0,1520,1,0,1,0,3,1,TA,7,Typ,2,Gd,Basment,1955.0,RFn,1,364,TA,TA,Y,0,0,189,0,0,0,,,,0,3,2010,WD,Normal,153000
183,20,RL,60.0,9060,Pave,,Reg,Lvl,AllPub,Inside,Gtl,Edwards,Artery,Norm,1Fam,1Story,5,6,1957,2006,Hip,CompShg,Wd Sdng,Wd Sdng,BrkFace,98.0,TA,TA,PConc,,,,,0,,0,0,0,GasA,Ex,Y,SBrkr,1340,0,0,1340,0,0,1,0,3,1,TA,7,Typ,1,Gd,Attchd,1957.0,RFn,1,252,TA,TA,Y,116,0,0,180,0,0,,MnPrv,,0,6,2007,WD,Normal,120000
436,60,RL,43.0,10667,Pave,,IR2,Lvl,AllPub,CulDSac,Gtl,CollgCr,PosN,Norm,1Fam,2Story,7,6,1996,1996,Gable,CompShg,VinylSd,VinylSd,None,0.0,Gd,TA,PConc,Gd,TA,Av,GLQ,385,ALQ,344,70,799,GasA,Ex,Y,SBrkr,827,834,0,1661,1,0,2,1,3,1,Gd,6,Typ,1,TA,Attchd,1996.0,RFn,2,550,TA,TA,Y,158,61,0,0,0,0,,,,0,4,2009,ConLw,Normal,212000
637,30,RM,51.0,6120,Pave,,Reg,Lvl,AllPub,Inside,Gtl,BrkSide,Norm,Norm,1Fam,1Story,2,3,1936,1950,Gable,CompShg,AsbShng,AsbShng,None,0.0,Fa,Fa,BrkTil,TA,Fa,No,Unf,0,Unf,0,264,264,Grav,Fa,N,FuseA,800,0,0,800,0,0,1,0,1,1,Fa,4,Maj1,1,Po,,,,0,0,,,N,0,0,0,0,0,0,,,,0,1,2009,ConLw,Normal,60000
